{"_step": 136712, "_timestamp": 1687838663.384106, "_runtime": 22104.87189745903, "logging timestamp": "2023-06-26-23-56-01", "max2norm": 9.033592224121094, "train_interp_loss": 0, "global_step": 134399, "train_loss": 2.8381142616271973, "epoch": 399, "train_reg_loss": 2.760120391845703, "train_neg samp loss": 0, "train_zrep_l2_loss": 0.0032584501896053553, "train_ae_loss": 0.07473539561033249, "train_smooth_fb_k5": 0.8796846270561218, "valid_smooth_fb_k5": 1.213489294052124, "test_smooth_fb_k5": 2.4952330589294434, "train_smooth_sb_k5": 0.09472068203103765, "valid_smooth_sb_k5": 0.09779004307542084, "test_smooth_sb_k5": 0.21519436924265645, "train pearson r": 0.8218810328962306, "valid pearson r": 0.7965435697621089, "test pearson r": 0.6024987300131737, "train spearman r": 0.6033615708037404, "valid spearman r": 0.5913947962950651, "test spearman r": 0.5787875947926422, "train_enrichment_mse": 0.27510738372802734, "valid_enrichment_mse": 0.29772722721099854, "test_enrichment_mse": 0.8142930269241333, "train_enrichment_l1": 0.4267018437385559, "valid_enrichment_l1": 0.4375717043876648, "test_enrichment_l1": 0.6693812012672424, "train CE": 0.06842304021120071, "valid CE": 0.07010217010974884, "test CE": 0.15248599648475647, "train perplexity": 1.0708181858062744, "valid perplexity": 1.0708181858062744, "test perplexity": 1.0708181858062744}
