{"_step": 136712, "_runtime": 23813.874917268753, "_timestamp": 1687659685.192845, "logging timestamp": "2023-06-24-21-44-35", "max2norm": 4.027509689331055, "train_ae_loss": 0.07422442734241486, "train_zrep_l2_loss": 0.004303085617721081, "epoch": 399, "train_neg samp loss": 0, "train_reg_loss": 1.9889949560165405, "train_interp_loss": 0, "global_step": 134399, "train_loss": 2.0675222873687744, "train_smooth_fb_k5": 5.600582599639893, "valid_smooth_fb_k5": 5.9594526290893555, "test_smooth_fb_k5": 8.637370109558105, "train_smooth_sb_k5": 0.09964030942600065, "valid_smooth_sb_k5": 0.105622941247747, "test_smooth_sb_k5": 0.2646323213539966, "train pearson r": 0.09857889317085371, "valid pearson r": 0.0640982555682114, "test pearson r": 0.08511008173604809, "train spearman r": 0.0911861189062765, "valid spearman r": 0.07181113884489139, "test spearman r": 0.0661921155366281, "train_enrichment_mse": 0.8104041814804077, "valid_enrichment_mse": 0.816103994846344, "test_enrichment_mse": 1.480014443397522, "train_enrichment_l1": 0.8388765454292297, "valid_enrichment_l1": 0.8414803147315979, "test_enrichment_l1": 1.1418299674987793, "train CE": 0.08904410898685455, "valid CE": 0.09560845047235489, "test CE": 0.19563330709934235, "train perplexity": 1.0931289196014404, "valid perplexity": 1.0931289196014404, "test perplexity": 1.0931289196014404}
