{"_timestamp": 1687492607.8977997, "logging timestamp": "2023-06-23-00-59-07", "_runtime": 17862.671100616455, "_step": 136712, "max2norm": 5.7660908699035645, "train_loss": 4.084543704986572, "train_ae_loss": 0.07482615113258362, "global_step": 134399, "epoch": 399, "train_neg samp loss": 0, "train_reg_loss": 4.006278991699219, "train_interp_loss": 0, "train_zrep_l2_loss": 0.0034383879974484444, "train_smooth_fb_k5": 1.4639873504638672, "valid_smooth_fb_k5": 1.7298824787139893, "test_smooth_fb_k5": 3.611729860305786, "train_smooth_sb_k5": 0.09502524444685614, "valid_smooth_sb_k5": 0.09866666037138024, "test_smooth_sb_k5": 0.21673163133793458, "train pearson r": 0.8454783147265034, "valid pearson r": 0.8242028917781051, "test pearson r": 0.6739753417142904, "train spearman r": 0.6179670612733176, "valid spearman r": 0.609293442824298, "test spearman r": 0.5528620913572068, "train_enrichment_mse": 0.6937716007232666, "valid_enrichment_mse": 0.7063937187194824, "test_enrichment_mse": 0.595055341720581, "train_enrichment_l1": 0.75682133436203, "valid_enrichment_l1": 0.7636364698410034, "test_enrichment_l1": 0.6556190848350525, "train CE": 0.06612809002399445, "valid CE": 0.06852234899997711, "test CE": 0.15180234611034393, "train perplexity": 1.0683635473251343, "valid perplexity": 1.0683635473251343, "test perplexity": 1.0683635473251343}
