{"_step": 136712, "logging timestamp": "2023-06-24-14-33-14", "_runtime": 26284.50339603424, "_timestamp": 1687636271.814863, "max2norm": 9.148820877075195, "train_reg_loss": 1.496534824371338, "global_step": 134399, "train_zrep_l2_loss": 0.005670449696481228, "train_loss": 1.574324607849121, "epoch": 399, "train_ae_loss": 0.07211936265230179, "train_neg samp loss": 0, "train_interp_loss": 0, "train_smooth_fb_k5": 1.0748876333236694, "valid_smooth_fb_k5": 1.3334739208221436, "test_smooth_fb_k5": 2.7916831970214844, "train_smooth_sb_k5": 0.09530285269538429, "valid_smooth_sb_k5": 0.09880279573242269, "test_smooth_sb_k5": 0.21689999223299988, "train pearson r": 0.8852293440030521, "valid pearson r": 0.8597080289190339, "test pearson r": 0.6797637117846287, "train spearman r": 0.5383847838899136, "valid spearman r": 0.536965712308905, "test spearman r": 0.5844756770865163, "train_enrichment_mse": 0.26982590556144714, "valid_enrichment_mse": 0.30120787024497986, "test_enrichment_mse": 0.6881678104400635, "train_enrichment_l1": 0.4410012662410736, "valid_enrichment_l1": 0.46059650182724, "test_enrichment_l1": 0.6442905068397522, "train CE": 0.06550423055887222, "valid CE": 0.06750469654798508, "test CE": 0.1502646505832672, "train perplexity": 1.067697286605835, "valid perplexity": 1.067697286605835, "test perplexity": 1.067697286605835}
