{"logging timestamp": "2023-06-28-00-55-28", "_timestamp": 1687924196.9125328, "_step": 136712, "_runtime": 17670.83232164383, "max2norm": 6.534509658813477, "train_loss": 4.269790172576904, "train_ae_loss": 0.06206588074564934, "global_step": 134399, "epoch": 399, "train_interp_loss": 0, "train_zrep_l2_loss": 0.002273125108331442, "train_reg_loss": 4.205451011657715, "train_neg samp loss": 0, "train_smooth_fb_k5": 1.3981672525405884, "valid_smooth_fb_k5": 1.8007687330245972, "test_smooth_fb_k5": 3.1251718997955322, "train_smooth_sb_k5": 0.0939822952438472, "valid_smooth_sb_k5": 0.0974980996133022, "test_smooth_sb_k5": 0.21506368026057857, "train pearson r": 0.8486850314305525, "valid pearson r": 0.8187041360586164, "test pearson r": 0.5915195636869673, "train spearman r": 0.6334052337839158, "valid spearman r": 0.6201062003581287, "test spearman r": 0.5965198561230838, "train_enrichment_mse": 0.26638609170913696, "valid_enrichment_mse": 0.29837766289711, "test_enrichment_mse": 0.8841968178749084, "train_enrichment_l1": 0.42205503582954407, "valid_enrichment_l1": 0.44043177366256714, "test_enrichment_l1": 0.7040813565254211, "train CE": 0.06574227660894394, "valid CE": 0.06769392639398575, "test CE": 0.15187600255012512, "train perplexity": 1.0679514408111572, "valid perplexity": 1.0679514408111572, "test perplexity": 1.0679514408111572}
