{"_runtime": 29870.07622361183, "_step": 136712, "logging timestamp": "2023-06-19-05-17-09", "_timestamp": 1687174496.3242762, "max2norm": 5.886709213256836, "train_interp_loss": 0, "train_ae_loss": 0.06330018490552902, "epoch": 399, "train_zrep_l2_loss": 0.005095476284623146, "train_loss": 2.181692123413086, "global_step": 134399, "train_neg samp loss": 0, "train_reg_loss": 2.1132965087890625, "train_smooth_fb_k5": 5.5269060134887695, "valid_smooth_fb_k5": 6.143549919128418, "test_smooth_fb_k5": 8.6441650390625, "train_smooth_sb_k5": 0.10076451462238445, "valid_smooth_sb_k5": 0.10675294343535749, "test_smooth_sb_k5": 0.26079970805029734, "train pearson r": 0.1364268002094017, "valid pearson r": 0.10784699811077983, "test pearson r": 0.12486391769189101, "train spearman r": -0.0016802581924229701, "valid spearman r": 0.007665300627402913, "test spearman r": 0.04435780514752442, "train_enrichment_mse": 0.9876437187194824, "valid_enrichment_mse": 1.0060735940933228, "test_enrichment_mse": 1.3165996074676514, "train_enrichment_l1": 0.8901609778404236, "valid_enrichment_l1": 0.8988316059112549, "test_enrichment_l1": 1.0413461923599243, "train CE": 0.0735488012433052, "valid CE": 0.07708404958248138, "test CE": 0.17081600427627563, "train perplexity": 1.076321005821228, "valid perplexity": 1.076321005821228, "test perplexity": 1.076321005821228}
